<?xml version="1.0" encoding="UTF-8" standalone="yes"?>
<addons>
  <addon id="repository.galexioum"
         name="Galexioum Repository"
         version="1.0.0"
         provider-name="Galexioum">
         
    <extension point="xbmc.addon.repository">
      <dir>
        <info compressed="false">https://galexias.github.io/galexioum/addons.xml</info>
        <checksum>https://galexias.github.io/galexioum/addons.xml.md5</checksum>
        <datadir zip="true">https://galexias.github.io/galexioum/</datadir>
      </dir>
    </extension>

    <extension point="xbmc.addon.metadata">
      <summary>Galexioum Repository</summary>
      <description>Official Galexioum Kodi repository</description>
      <platform>all</platform>
    </extension>

  </addon>
</addons>
