<?xml version='1.0' encoding='UTF-8'?>
<addon id="plugin.program.galexioum" name="[B][COLOR fff16a15]Galexioum[/COLOR] [COLOR white]Wizard[/COLOR][/B]" version="4.0.1" provider-name="Galexioum">
    <requires>
        <import addon="xbmc.python" version="3.0.0" />
        <import addon="script.module.requests" />
        <import addon="script.module.six" />
        <import addon="script.speedtester" optional="true" version="1.1.2" />
    </requires>
    
    <extension point="xbmc.python.pluginsource" library="default.py">
        <provides>executable</provides>
    </extension>
    
    <extension point="xbmc.service" library="startup.py" start="startup" />
    
    <extension point="xbmc.addon.metadata">
        <summary lang="en">[B][COLOR fff16a15]Galexioum[/COLOR] [COLOR white]Wizard[/COLOR][/B]</summary>
        <description lang="en">[B][COLOR fff16a15]Galexioum[/COLOR] [COLOR white]Wizard[/COLOR][/B] offers many maintenance features, selective add-on data saving, and automated build installs.</description>
        <platform>all</platform>
        <reuselanguageinvoker>false</reuselanguageinvoker>
        <source>https://www.github.com/a4k-openproject/plugin.program.openwizard/</source>
        <news>

        </news>
        <assets>
            <icon>icon.png</icon>
            <fanart>fanart.jpg</fanart>
        </assets>
    </extension>
</addon>